customer_id,purchase_frequency,avg_spending,total_spending,customer_lifetime,preferred_bread,location,payment_method,satisfaction,bread_encoded,location_encoded,payment_encoded,spending_per_month,value_score,segment
CUST_0001,7,26502.05042723485,185514.35299064397,14.463436026575542,Brown Bread,Entebbe,Bank Transfer,3.998615454405996,0,1,0,12826.437137743373,741800.5588825182,1
CUST_0002,8,20377.16531552519,163017.32252420153,4.045848304003888,Brown Bread,Mbarara,Card,5.0,0,6,1,40292.49499119255,815086.6126210077,1
CUST_0003,7,5504.118060422663,38528.82642295864,28.687265284107276,Brown Bread,Mbarara,Cash,3.350162275866901,0,6,2,1343.063761616329,129077.82081561991,0
CUST_0004,9,15392.146995093213,138529.32295583893,22.531438613443296,Multigrain,Mbarara,Card,3.2413732914022737,1,6,1,6148.267997108092,449025.2475050962,0
CUST_0005,11,24056.875143324905,264625.62657657394,11.443383936982034,Whole Grain,Kampala,Card,4.8908773273972725,4,5,1,23124.77043799718,1294251.4772716626,1
CUST_0006,10,18117.744284508186,181177.44284508185,43.98110307660105,Whole Grain,Kampala,Card,4.663714583458118,4,5,1,4119.438353547625,844959.8823902579,0
CUST_0007,12,16643.260801866047,199719.12962239256,9.490490724352737,Brown Bread,Entebbe,Mobile Money,3.831789278733342,0,1,3,21044.130954146593,765281.6196450384,1
CUST_0008,5,19501.143294576177,97505.71647288089,52.70502451741409,Sourdough,Fort Portal,Cash,3.291631285041496,2,2,2,1850.0269635708898,320952.86681252066,0
CUST_0009,10,11888.109025045986,118881.09025045985,16.228552459616267,Multigrain,Kampala,Cash,5.0,1,5,2,7325.427856014144,594405.4512522992,0
CUST_0010,8,17390.44998313728,139123.59986509825,15.083492513922252,Sourdough,Kampala,Cash,2.8239179592417454,2,5,2,9223.56673937985,392873.6322134134,0
CUST_0011,8,13747.659805040448,109981.27844032359,5.177613548479617,White Bread,Arua,Cash,3.7212592517251517,3,0,2,21241.693187514757,409268.8499126141,0
CUST_0012,16,14901.882570947628,238430.12113516204,28.63750348905667,Whole Grain,Kampala,Cash,4.382861222014318,4,5,2,8325.7998109463,1045006.1320834783,1
CUST_0013,6,19142.27257847553,114853.63547085319,9.692694376202702,White Bread,Arua,Mobile Money,5.0,3,0,3,11849.505515498291,574268.1773542659,0
CUST_0014,12,10366.434487539093,124397.21385046911,5.124188933792213,White Bread,Mbarara,Mobile Money,4.506480169658577,3,6,3,24276.46900958579,560593.5773779163,0
CUST_0015,13,21439.91236900969,278718.86079712596,3.1522520294752274,White Bread,Fort Portal,Mobile Money,4.584243722410639,3,2,3,88418.96466112381,1277715.1879266694,1
CUST_0016,9,12885.940194572284,115973.46175115055,12.845105300566509,Whole Grain,Kampala,Cash,3.7444930398814984,4,5,2,9028.611213178281,434261.8203381464,0
CUST_0017,10,16303.314165752037,163033.14165752038,11.994061375902037,Whole Grain,Kampala,Bank Transfer,4.6547841802196785,4,5,0,13592.822026497188,758884.0886389397,1
CUST_0018,11,7997.460198625285,87972.06218487813,18.24791813696513,White Bread,Mbarara,Bank Transfer,4.28424745670327,3,6,0,4820.936915903386,376894.083676506,0
CUST_0019,8,18599.186454356954,148793.49163485563,29.515483268825136,Brown Bread,Fort Portal,Card,2.929228367665954,0,2,1,5041.201266455779,435850.1166208859,0
CUST_0020,15,22232.51967973289,333487.7951959933,3.992841602166594,Brown Bread,Mbarara,Bank Transfer,4.834347882794486,0,6,0,83521.41868463712,1612196.0166435514,1
CUST_0021,9,12426.792253909265,111841.13028518339,18.778695525127112,Brown Bread,Kampala,Mobile Money,4.976314711877481,0,5,3,5955.745442250379,556556.6620311642,0
CUST_0022,10,9448.883067452,94488.83067452,5.49037192986323,White Bread,Mbarara,Bank Transfer,4.842692039056931,3,6,0,17209.914352172822,457580.30808729626,0
CUST_0023,13,16389.915323713543,213068.89920827607,26.4381102308227,Brown Bread,Mbarara,Cash,4.226662340532641,0,6,2,8059.157683663451,900570.2922223656,1
CUST_0024,12,22274.053224958712,267288.63869950455,23.51531057533205,Sourdough,Mbarara,Cash,3.435058493480282,2,6,2,11366.579141841943,918152.1085755156,1
CUST_0025,8,7750.71717259547,62005.73738076376,12.339070011589206,White Bread,Mbarara,Cash,2.3526530149721077,3,6,2,5025.154839264726,145877.9849944226,0
CUST_0026,10,9468.459093858291,94684.59093858291,17.86454331974475,White Bread,Fort Portal,Cash,4.3256428843211605,3,2,2,5300.14057700165,409571.727048341,0
CUST_0027,12,12729.052208442421,152748.62650130905,7.528657807336757,Brown Bread,Jinja,Cash,5.0,0,4,2,20288.95859132472,763743.1325065452,1
CUST_0028,12,10898.280877346522,130779.37052815827,10.645011441473539,Multigrain,Kampala,Mobile Money,4.996425975266465,1,5,3,12285.507746721134,653429.4439358875,0
CUST_0029,12,10914.072666955024,130968.87200346029,23.687206871507552,Whole Grain,Entebbe,Card,4.852858274715079,4,1,1,5529.097318814647,635573.3742320923,0
CUST_0030,13,5000.0,65000.0,10.37791582108899,Whole Grain,Kampala,Mobile Money,4.140631217160488,4,5,3,6263.299984368087,269141.0291154317,0
CUST_0031,18,17945.28473702934,323015.1252665281,8.314233554238676,Brown Bread,Entebbe,Cash,5.0,0,1,2,38850.860173617795,1615075.6263326406,1
CUST_0032,10,16693.60251434818,166936.0251434818,11.179662649018372,Whole Grain,Entebbe,Card,4.939329459084722,4,1,1,14932.116503366904,824552.0267737075,1
CUST_0033,9,6505.754000981773,58551.78600883596,24.140531943209087,White Bread,Kampala,Mobile Money,3.8618931514227537,3,5,3,2425.4555014189327,226120.7413910942,0
CUST_0034,11,22285.97879978123,245145.76679759353,7.899373685572004,Whole Grain,Entebbe,Cash,4.741278413292678,4,1,2,31033.57007218759,1162304.332227511,1
CUST_0035,10,23405.461574652436,234054.61574652436,5.290463027295547,Multigrain,Kampala,Mobile Money,3.771232683672567,1,5,3,44240.85652596871,882674.4166677165,1
CUST_0036,9,11245.472251099429,101209.25025989486,17.9381217808234,Whole Grain,Fort Portal,Cash,4.632019385293538,4,2,2,5642.131963229939,468803.20917485806,0
CUST_0037,10,20832.74295488503,208327.4295488503,23.982897279418776,Sourdough,Gulu,Cash,3.1607066845591465,2,3,2,8686.49968023793,658461.8991520759,0
CUST_0038,9,12135.01097504527,109215.09877540743,4.272828913177061,Whole Grain,Kampala,Bank Transfer,3.222230553061663,4,5,0,25560.372529449247,351916.2281297652,0
CUST_0039,3,15905.582551055304,47716.74765316591,6.291254619697623,White Bread,Arua,Cash,5.0,3,0,2,7584.615555658328,238583.73826582957,0
CUST_0040,12,10821.189324895455,129854.27189874546,4.8374224087300215,Multigrain,Jinja,Mobile Money,4.950048097763812,1,4,3,26843.690901253416,642784.8915988897,1
CUST_0041,9,26071.257617311378,234641.3185558024,8.131450338672675,White Bread,Kampala,Card,4.706889232460665,3,5,1,28856.023068832234,1104430.6958006793,1
CUST_0042,9,13519.91386335051,121679.22477015459,10.181704175042546,Brown Bread,Kampala,Mobile Money,4.270375056842265,0,5,3,11950.7719609862,519615.9263943716,0
CUST_0043,12,15632.245114117311,187586.94136940775,19.579328333805872,White Bread,Jinja,Cash,2.2869804551806814,3,4,2,9580.867033396553,429007.6685589599,0
CUST_0044,4,11560.313062680865,46241.25225072346,15.63727590642602,White Bread,Mbarara,Cash,4.140099249434808,3,6,2,2957.1168614938215,191443.37373614582,0
CUST_0045,6,24306.577986181976,145839.46791709185,14.640367384187172,Brown Bread,Mbarara,Cash,4.56334653375187,0,6,2,9961.462311021698,665516.0304036782,0
CUST_0046,16,24433.07323044705,390929.1716871528,8.213320456883652,White Bread,Kampala,Mobile Money,3.772213401952327,3,5,3,47596.97052359766,1474668.2606523999,1
CUST_0047,16,23154.6459063147,370474.3345010352,25.100038140411698,Brown Bread,Kampala,Mobile Money,3.6300046457534103,0,5,3,14759.911217208955,1344823.5553711609,1
CUST_0048,13,19782.20174173811,257168.62264259544,10.647718128527114,Whole Grain,Entebbe,Cash,5.0,4,1,2,24152.46342346304,1285843.113212977,1
CUST_0049,11,11876.052265329738,130636.57491862711,49.418908999138694,White Bread,Kampala,Bank Transfer,4.151768806886711,3,5,0,2643.453236106526,542372.8567856749,0
CUST_0050,7,19139.25047981209,133974.75335868463,15.06612452411727,White Bread,Kampala,Mobile Money,4.563836135713904,3,5,3,8892.449623937662,611438.8206517227,0
CUST_0051,6,14964.786005376322,89788.71603225793,4.619734286172303,Whole Grain,Kampala,Cash,4.819305169295492,4,5,2,19435.904853015407,432719.2233186657,0
CUST_0052,13,21562.04310871316,280306.5604132711,16.530719334129063,Brown Bread,Fort Portal,Mobile Money,3.398850338795938,0,2,3,16956.706768020347,952720.0478273705,1
CUST_0053,7,20579.51026682681,144056.57186778766,7.718360363035323,Whole Grain,Gulu,Mobile Money,4.354565938171355,4,3,3,18664.141746698122,627303.841025202,0
CUST_0054,8,11753.672109620378,94029.37687696303,16.912858368298636,Whole Grain,Entebbe,Cash,5.0,4,1,2,5559.63840229462,470146.8843848151,0
CUST_0055,10,19739.12901418608,197391.2901418608,3.8662188608345316,Sourdough,Gulu,Cash,5.0,2,3,2,51055.38440709316,986956.4507093041,1
CUST_0056,12,18410.17225021963,220922.06700263557,5.306738285509458,Whole Grain,Entebbe,Card,4.2319491177717525,4,1,1,41630.48093136302,934930.9465481156,1
CUST_0057,12,5000.0,60000.0,26.233428612217566,Brown Bread,Entebbe,Mobile Money,4.00964516212234,0,1,3,2287.1581479843812,240578.7097273404,0
CUST_0058,12,19004.68319814731,228056.19837776775,6.092502519681418,Whole Grain,Kampala,Mobile Money,4.415219254510027,4,5,3,37432.26984987656,1006918.1181878785,1
CUST_0059,16,12841.021056798969,205456.3369087835,24.77108894535398,White Bread,Jinja,Mobile Money,4.394909637622017,3,4,3,8294.198828401466,902962.0351909287,1
CUST_0060,10,10569.787728341633,105697.87728341632,6.929989672544968,Brown Bread,Arua,Cash,5.0,0,0,2,15252.241673918665,528489.3864170816,0
CUST_0061,18,10783.696978531287,194106.54561356315,15.356265213002818,Sourdough,Jinja,Cash,3.4028866486663465,2,4,2,12640.218368279073,660522.5724871393,1
CUST_0062,11,14323.785521839844,157561.64074023828,17.215948421155666,Brown Bread,Entebbe,Mobile Money,3.976101531067183,0,1,3,9152.074395542451,626481.0809847189,0
CUST_0063,13,17400.297900433416,226203.8727056344,11.625389775462594,Sourdough,Jinja,Cash,3.3062869384987916,2,4,2,19457.74525195508,747894.9097644823,1
CUST_0064,8,8172.6898890390985,65381.51911231279,7.371486602267785,Sourdough,Kampala,Cash,3.3903240913619386,2,5,2,8869.516101704456,221664.53937631508,0
CUST_0065,16,15949.239181062321,255187.82689699714,5.8689031219762295,Sourdough,Fort Portal,Card,4.501259212111299,2,2,1,43481.349341317466,1148666.556638772,1
CUST_0066,12,17883.79033096536,214605.4839715843,3.4050314305267286,Multigrain,Jinja,Bank Transfer,4.847886273309621,1,4,0,63025.99207972265,1040382.9799228114,1
CUST_0067,7,24309.02891834816,170163.2024284371,7.347943342814512,Brown Bread,Entebbe,Card,3.680486645005004,0,1,1,23157.936103962773,626283.3940091458,1
CUST_0068,9,9616.54915387435,86548.94238486915,15.70679695310664,Brown Bread,Jinja,Card,4.817675831180232,0,4,1,5510.2859382001925,416964.74794179446,0
CUST_0069,5,13251.939066110981,66259.69533055491,36.42659335091248,Whole Grain,Jinja,Cash,5.0,4,4,2,1818.992368906084,331298.47665277455,0
CUST_0070,8,16308.314863482396,130466.51890785916,27.59435119315679,Brown Bread,Kampala,Bank Transfer,5.0,0,5,0,4728.015454852005,652332.5945392959,0
CUST_0071,9,20737.04665095803,186633.41985862225,20.432532296968535,Whole Grain,Mbarara,Cash,4.2557974790728395,4,6,2,9134.130667020261,794274.0377450674,0
CUST_0072,9,13478.88059414093,121309.92534726838,21.639376120964418,Whole Grain,Kampala,Bank Transfer,3.6881883780446936,4,5,0,5605.980720938727,447413.8568072646,0
CUST_0073,12,20993.206859955255,251918.48231946304,16.122956207060078,Whole Grain,Mbarara,Bank Transfer,3.398022454715284,4,6,0,15624.832014934736,856024.6596793308,1
CUST_0074,8,5313.188417617701,42505.50734094161,6.617913759567243,Brown Bread,Fort Portal,Mobile Money,3.3185654416640853,0,2,3,6422.795594683168,141057.3077420479,0
CUST_0075,12,8733.25903439057,104799.10841268685,31.527061106341087,White Bread,Fort Portal,Bank Transfer,5.0,3,2,0,3324.1001455606165,523995.54206343426,0
CUST_0076,10,16743.221721671103,167432.21721671103,16.330610609040825,Brown Bread,Jinja,Mobile Money,2.98792372563548,0,4,3,10252.661166510119,500274.69425756414,0
CUST_0077,8,7945.877509560623,63567.02007648499,12.863789854636565,White Bread,Jinja,Cash,5.0,3,4,2,4941.546837658669,317835.10038242495,0
CUST_0078,9,9127.647366166417,82148.82629549775,4.411754374611176,Sourdough,Kampala,Mobile Money,3.505247176598281,2,5,3,18620.44423149415,287951.94143315614,0
CUST_0079,15,12361.115678770304,185416.73518155457,10.109972680607246,Brown Bread,Mbarara,Mobile Money,3.6518350417124754,0,6,3,18339.98380007667,677111.3308559234,1
CUST_0080,11,18857.19495957912,207429.14455537032,10.402197897635947,White Bread,Kampala,Cash,4.0787556359920165,3,5,2,19940.895818037807,846052.7924242194,1
CUST_0081,10,5520.175793463553,55201.757934635534,26.99103830228357,White Bread,Entebbe,Mobile Money,3.637076360346791,3,1,3,2045.1883812845097,200773.0088336488,0
CUST_0082,7,15851.491810811971,110960.4426756838,12.493042787829172,Whole Grain,Kampala,Bank Transfer,4.9455838039676605,4,5,0,8881.778807624225,548764.1681779438,0
CUST_0083,15,20164.81973576403,302472.29603646044,8.744184677370942,Whole Grain,Kampala,Cash,5.0,4,5,2,34591.25203739439,1512361.4801823022,1
CUST_0084,11,14025.273957855208,154278.0135364073,48.163405924228066,Brown Bread,Jinja,Card,3.67405427395749,0,4,1,3203.220589904325,566825.7950111087,0
CUST_0085,15,13155.8488520373,197337.73278055948,4.408125595521102,White Bread,Kampala,Bank Transfer,3.8542097286682986,3,5,0,44766.81267454482,760581.0095161773,1
CUST_0086,15,17008.85641279287,255132.84619189304,9.58956838381602,Brown Bread,Mbarara,Bank Transfer,4.069343354172881,0,6,0,26605.24811757658,1038223.1520821918,1
CUST_0087,9,14039.4447363928,126355.0026275352,3.515199099682577,Brown Bread,Entebbe,Bank Transfer,4.63284541079411,0,1,0,35945.33312179816,585383.1940538542,1
CUST_0088,8,21952.498906203735,175619.99124962988,19.16045939595775,Whole Grain,Kampala,Mobile Money,4.077212576835315,4,5,3,9165.750550150176,716040.0370666989,0
CUST_0089,11,9442.934939327824,103872.28433260607,33.02364037396653,Whole Grain,Jinja,Bank Transfer,5.0,4,4,0,3145.391699895434,519361.42166303034,0
CUST_0090,12,14741.779224174576,176901.3506900949,6.942670978968232,Brown Bread,Kampala,Card,5.0,0,5,1,25480.301634052757,884506.7534504745,1
CUST_0091,12,16028.43187480342,192341.18249764104,26.452047546153956,White Bread,Kampala,Cash,3.25163011712392,3,5,2,7271.315468567833,625422.3817725579,0
CUST_0092,16,13107.729740767702,209723.67585228322,7.147433615019592,Multigrain,Mbarara,Mobile Money,4.616774532459863,1,6,3,29342.51469108725,968246.9255286888,1
CUST_0093,6,5000.0,30000.0,31.998477415367653,Brown Bread,Kampala,Mobile Money,5.0,0,5,3,937.5446090941858,150000.0,0
CUST_0094,13,14195.475459754036,184541.18097680245,19.827226699346035,Whole Grain,Fort Portal,Cash,3.8041752433864935,4,2,2,9307.463104907618,702026.9920572584,0
CUST_0095,10,19500.88493456233,195008.8493456233,22.611333206117262,White Bread,Kampala,Mobile Money,3.964588102565155,3,5,3,8624.38528360927,773129.7640105789,0
CUST_0096,11,18890.545930630087,207796.00523693097,3.2180477569699737,Brown Bread,Kampala,Mobile Money,3.777570401717636,0,5,3,64572.07006541943,784964.0389781933,1
CUST_0097,8,16773.892410850996,134191.13928680797,42.50069966923677,White Bread,Mbarara,Cash,3.7943395075811956,3,6,2,3157.3865920127287,509166.7413632666,0
CUST_0098,6,9510.688208253883,57064.1292495233,18.564948625976196,Brown Bread,Entebbe,Mobile Money,2.865238758471162,0,1,3,3073.7563781716476,163502.35484414207,0
CUST_0099,10,16976.54731229242,169765.4731229242,7.361824336772676,Multigrain,Kampala,Card,3.1373480388279598,1,5,1,23060.24503667349,532613.3741629069,0
CUST_0100,7,12132.81089228881,84929.67624602167,24.220828459258893,Brown Bread,Entebbe,Mobile Money,4.261978974989784,0,1,3,3506.4728024839965,361968.49451323366,0
CUST_0101,6,16767.414529743335,100604.48717846001,6.967428931287829,White Bread,Kampala,Cash,5.0,3,5,2,14439.255594942211,503022.43589230004,0
CUST_0102,10,15607.525057008577,156075.25057008577,27.739581568972998,White Bread,Fort Portal,Cash,3.7093113499853736,3,2,2,5626.445740791473,578931.6983914303,0
CUST_0103,8,10118.123643583142,80944.98914866513,4.433248109773131,Brown Bread,Entebbe,Cash,3.685794157641154,0,1,2,18258.61922102245,298346.56809447653,0
CUST_0104,6,10537.720803215481,63226.32481929289,17.59602600053024,White Bread,Mbarara,Bank Transfer,5.0,3,6,0,3593.216151043856,316131.6240964644,0
CUST_0105,12,16775.11227210758,201301.34726529097,12.336580451607064,White Bread,Fort Portal,Cash,3.3133940305472107,3,2,2,16317.43480739574,666990.6823699261,0
CUST_0106,13,13894.434523557491,180627.6488062474,4.218207858318115,Sourdough,Entebbe,Mobile Money,2.871005469834863,2,1,3,42820.945499415786,518582.9677261469,1
CUST_0107,9,10798.592846714355,97187.33562042919,6.323182018659616,Brown Bread,Gulu,Cash,3.5371876510900004,0,3,2,15370.004427142982,343769.8433989215,0
CUST_0108,8,10385.849051365834,83086.79241092668,3.1497793017003364,White Bread,Entebbe,Cash,3.6697724169645074,3,1,2,26378.607658661727,304909.61900367466,0
CUST_0109,9,13480.84576006892,121327.61184062027,10.590676519923385,Multigrain,Arua,Card,2.802037532243948,1,0,1,11456.077580348756,339964.52207494323,0
CUST_0110,14,22840.52397359105,319767.3356302747,7.301809138046334,White Bread,Kampala,Mobile Money,4.0975666349803115,3,5,3,43792.89154027811,1310267.9654351647,1
CUST_0111,10,12369.609838940207,123696.09838940206,13.946314204986864,Multigrain,Mbarara,Cash,4.958757079889229,1,6,2,8869.447265512728,613378.9036431221,0
CUST_0112,11,14929.902308712057,164228.92539583263,7.23284063934284,Brown Bread,Entebbe,Mobile Money,3.171236181028139,0,1,3,22706.006337608746,520808.71018663544,0
CUST_0113,9,15508.22143844755,139573.99294602795,7.278712747496089,Sourdough,Entebbe,Cash,4.270062575162871,2,1,2,19175.642423042736,595989.6837448806,0
CUST_0114,10,9344.868042540285,93448.68042540285,19.313174673924316,Whole Grain,Jinja,Mobile Money,4.5167485405014185,4,4,3,4838.597589632563,422084.1909232218,0
CUST_0115,8,6185.837580786523,49486.700646292185,3.5920835188794644,Sourdough,Mbarara,Mobile Money,4.133292579780566,2,6,3,13776.6007906546,204543.01257914162,0
CUST_0116,16,9866.796326321346,157868.74122114154,30.983548346294143,Multigrain,Kampala,Cash,4.348554071792847,1,5,2,5095.2440778147275,686500.7574460063,0
CUST_0117,14,16235.386889031515,227295.4164464412,25.947930379368913,White Bread,Kampala,Cash,4.357861810076169,3,5,2,8759.674206123307,990522.0149373048,1
CUST_0118,11,15436.655289577046,169803.2081853475,16.224386154160946,Multigrain,Mbarara,Cash,3.5498176344652546,1,6,2,10465.924970714492,602770.4228051214,0
CUST_0119,9,18512.032845755326,166608.29561179795,13.793839680916083,Brown Bread,Mbarara,Bank Transfer,5.0,0,6,0,12078.456721684406,833041.4780589897,1
CUST_0120,11,15483.749474795583,170321.2442227514,29.74114668531667,Brown Bread,Arua,Bank Transfer,5.0,0,0,0,5726.788076629195,851606.221113757,1
CUST_0121,14,14452.253542653982,202331.54959715574,5.459668513007865,Brown Bread,Mbarara,Cash,5.0,0,6,2,37059.31030704396,1011657.7479857787,1
CUST_0122,12,11979.938625374365,143759.26350449238,3.987141123889229,Brown Bread,Arua,Card,5.0,0,0,1,36055.72490101966,718796.3175224619,1
CUST_0123,6,19423.033949313463,116538.20369588077,6.285510480411827,White Bread,Mbarara,Cash,2.9400164244535807,3,6,2,18540.7699277665,342624.23294220644,0
CUST_0124,13,10404.099306396416,135253.29098315342,21.992282830352806,Whole Grain,Kampala,Cash,4.940849902249573,4,5,2,6150.034174555204,668266.2095330466,0
CUST_0125,12,9448.002413519895,113376.02896223874,3.423426521943918,Brown Bread,Kampala,Card,4.724481142039607,0,5,1,33117.704801171145,535642.9107914332,1
CUST_0126,10,17835.277586940516,178352.77586940516,13.490471270634806,Sourdough,Mbarara,Bank Transfer,2.9707811080449735,2,6,0,13220.648285107138,529847.0571202083,0
CUST_0127,13,8334.213446731726,108344.77480751244,67.678657306321,Sourdough,Jinja,Bank Transfer,4.028071715879937,2,4,0,1600.8706307090602,436420.522965522,0
CUST_0128,12,27073.954993293155,324887.45991951786,26.230004926029228,Brown Bread,Kampala,Mobile Money,4.421434759460231,0,5,3,12386.099843889746,1436468.708200899,1
CUST_0129,9,15399.966902795717,138599.70212516145,11.843826864105813,Brown Bread,Entebbe,Cash,5.0,0,1,2,11702.273573856863,692998.5106258072,0
CUST_0130,11,16739.53058162443,184134.83639786873,3.789074785830378,White Bread,Arua,Card,4.779779086315407,3,0,1,48596.25286005419,880123.8400766419,1
CUST_0131,15,10957.900877383065,164368.51316074596,24.360829851920872,White Bread,Jinja,Cash,3.508347418177359,3,4,2,6747.2460568819815,576661.8487771543,0
CUST_0132,12,13423.675778792269,161084.10934550723,13.964883090524467,White Bread,Entebbe,Mobile Money,5.0,3,1,3,11534.941488683637,805420.5467275361,0
CUST_0133,14,12866.21441558823,180127.00181823524,4.465103127633808,Brown Bread,Entebbe,Cash,4.2350238101711115,0,1,2,40341.06193504425,762842.1415549613,1
CUST_0134,9,12290.825061656791,110617.42555491113,4.182701556893538,White Bread,Kampala,Mobile Money,3.995327090477527,3,5,3,26446.40647922915,441952.79699841747,0
CUST_0135,9,18164.808757549134,163483.2788179422,31.845692769412068,Multigrain,Entebbe,Cash,3.9383054427289506,1,1,2,5133.607235417677,643847.0867638763,0
CUST_0136,9,12752.119808873595,114769.07827986235,16.274905328256615,Whole Grain,Entebbe,Cash,2.9011558095814935,4,1,2,7051.904509736189,332962.9782119359,0
CUST_0137,10,20087.506145420906,200875.06145420906,24.21324383426886,Brown Bread,Kampala,Bank Transfer,4.112184396947086,0,5,0,8296.08221141819,826035.2934477855,1
CUST_0138,10,28315.911750599116,283159.11750599113,28.341484449059298,Whole Grain,Mbarara,Cash,4.597988205844526,4,6,2,9990.97693753263,1301962.2826698916,1
CUST_0139,12,13522.293799267254,162267.52559120706,13.177204044779042,White Bread,Entebbe,Mobile Money,3.8916933379798273,3,1,3,12314.260676224354,631495.4483137716,0
CUST_0140,13,15761.577567883121,204900.5083824806,11.743958115738945,Brown Bread,Fort Portal,Cash,4.536361981798047,0,2,2,17447.312597945856,929502.8762773769,1
CUST_0141,11,16897.410285827536,185871.5131441029,9.754428505134893,Whole Grain,Fort Portal,Cash,3.5084871432686553,4,2,2,19055.090008221094,652127.8141659759,0
CUST_0142,9,24057.524062967583,216517.71656670823,7.574186641360598,Brown Bread,Kampala,Cash,4.087257668577904,0,5,2,28586.266330481372,884963.6974202554,1
CUST_0143,6,14586.761074809056,87520.56644885434,9.842576278597607,Brown Bread,Mbarara,Cash,4.453232261286906,0,6,2,8892.038422822818,389749.4100361425,0
CUST_0144,12,10854.915401708186,130258.98482049823,20.84025509600071,Multigrain,Entebbe,Card,4.351728701650737,1,1,1,6250.354624761537,566851.7628912498,0
CUST_0145,12,8668.29747187148,104019.56966245775,14.053330893805324,Sourdough,Fort Portal,Cash,2.915627928224763,2,2,2,7401.773319683901,303282.36238978314,0
CUST_0146,6,14710.08026283883,88260.48157703297,29.765773267552035,Whole Grain,Kampala,Bank Transfer,3.8487952393030174,4,5,0,2965.1667633055113,339696.5213122762,0
CUST_0147,6,12758.098904730588,76548.59342838352,10.030470287063327,Whole Grain,Mbarara,Mobile Money,5.0,4,6,3,7631.605621434432,382742.9671419176,0
CUST_0148,9,25050.046446500008,225450.41801850006,14.210083545183466,Whole Grain,Jinja,Mobile Money,3.8060431405355857,4,4,3,15865.523753019517,858074.0170301925,1
CUST_0149,13,23849.31210338483,310041.05734400277,14.973509516291116,White Bread,Kampala,Mobile Money,4.212646035289472,3,5,3,20705.97123584684,1306093.2309971692,1
CUST_0150,9,9828.13586038201,88453.22274343809,13.748953567914155,Brown Bread,Kampala,Mobile Money,4.130595399560844,0,5,3,6433.451266419345,365364.474940376,0
CUST_0151,11,11446.199482254107,125908.19430479518,17.553489750635734,White Bread,Mbarara,Card,5.0,3,6,1,7172.829795866384,629540.971523976,0
CUST_0152,11,15368.85053943443,169057.35593377874,6.252786236599353,Brown Bread,Mbarara,Cash,5.0,0,6,2,27037.12385755929,845286.7796688937,1
CUST_0153,11,21986.132112793814,241847.45324073196,11.618227162828967,Brown Bread,Entebbe,Cash,4.846024799855048,0,1,2,20816.20972384599,1171998.7561863712,1
CUST_0154,13,15285.065681855256,198705.85386411834,4.32078952173997,White Bread,Jinja,Card,3.421406149301973,3,4,1,45988.32062157475,679853.4303129937,1
CUST_0155,13,11763.796810059768,152929.35853077698,8.824064849988716,Multigrain,Entebbe,Bank Transfer,4.487346439353664,1,1,0,17330.942273273587,686247.012475722,1
CUST_0156,13,14705.590950486376,191172.68235632288,11.025367304025039,Multigrain,Mbarara,Card,4.654353394460106,1,6,1,17339.348167251654,889785.223053195,1
CUST_0157,10,11857.575680519767,118575.75680519767,15.67436917103146,Whole Grain,Kampala,Mobile Money,3.6411161315231566,4,5,3,7564.94602821676,431748.10091097193,0
CUST_0158,10,18012.38604719741,180123.86047197413,39.07692157478331,Brown Bread,Fort Portal,Card,3.503586315321849,0,2,1,4609.469047536479,631079.4926125506,0
CUST_0159,6,11454.831441676475,68728.98865005885,14.015036691997203,Sourdough,Kampala,Mobile Money,5.0,2,5,3,4903.946394182766,343644.94325029425,0
CUST_0160,12,12447.819737865164,149373.83685438195,19.331913916279106,White Bread,Entebbe,Mobile Money,3.959357350226457,3,1,3,7726.800227917245,591424.3988809248,0
CUST_0161,8,20809.66906728048,166477.35253824384,11.469101866268128,Sourdough,Kampala,Cash,5.0,2,5,2,14515.29112561741,832386.7626912192,1
CUST_0162,6,11158.175263429639,66949.05158057783,15.064874696608818,White Bread,Kampala,Mobile Money,4.997675004395627,3,5,3,4444.049680389868,334589.60165224737,0
CUST_0163,9,7769.359837199189,69924.2385347927,3.8828829419535604,Sourdough,Jinja,Cash,4.526301425900257,2,4,2,18008.33029996324,316498.18058502197,0
CUST_0164,11,15474.968756781524,170224.65632459676,6.522656686621669,White Bread,Kampala,Cash,4.562025149087588,3,5,2,26097.442269763633,776569.1631476019,1
CUST_0165,13,13197.63297897702,171569.22872670126,8.390241128513885,Sourdough,Fort Portal,Card,3.079664351735386,2,2,1,20448.66483558266,528375.6375643566,0
CUST_0166,10,17557.07750464977,175570.7750464977,10.675125798806505,Multigrain,Kampala,Cash,4.3654198238675335,1,5,2,16446.717196168946,766440.1418797683,1
CUST_0167,18,16587.35967365545,298572.4741257981,3.5606818080280944,White Bread,Entebbe,Cash,5.0,3,1,2,83852.6131294915,1492862.3706289905,1
CUST_0168,5,14840.40752678319,74202.03763391596,4.810210926455967,Brown Bread,Entebbe,Cash,4.745071602548487,0,1,2,15425.942597612036,352093.98162792873,0
CUST_0169,10,14694.782872650021,146947.8287265002,6.889071049240094,Multigrain,Kampala,Bank Transfer,4.323469349651528,1,5,0,21330.57239157222,635324.433496866,1
CUST_0170,10,11320.707753385825,113207.07753385825,45.70798679077909,Brown Bread,Kampala,Mobile Money,5.0,0,5,3,2476.7460893004395,566035.3876692912,0
CUST_0171,13,15416.735354966215,200417.5596145608,7.829880583729343,Sourdough,Entebbe,Mobile Money,4.051967421871357,2,1,3,25596.5027143623,812085.4223291609,1
CUST_0172,7,19406.423907163844,135844.9673501469,10.894311631545012,Whole Grain,Entebbe,Card,3.7043554599826525,4,1,1,12469.348403510063,503218.04651468183,0
CUST_0173,10,10132.76629300262,101327.6629300262,5.619330605347716,Brown Bread,Entebbe,Card,4.323065532862606,0,1,1,18031.98103944913,438046.1271383163,0
CUST_0174,13,14973.013118192328,194649.17053650026,14.323328701678992,White Bread,Jinja,Cash,4.813173894489277,3,4,2,13589.660238243596,936880.3062102745,1
CUST_0175,10,20191.94377867306,201919.4377867306,6.953441134936945,White Bread,Jinja,Mobile Money,2.8257647233533914,3,4,3,29038.77862317758,570576.8242570931,0
CUST_0176,15,17527.120466083496,262906.8069912524,5.783072382591002,Sourdough,Kampala,Card,4.4278949147923345,2,5,1,45461.441531095224,1164123.7137408564,1
CUST_0177,13,21547.364481753564,280115.7382627963,11.722250271893047,Brown Bread,Entebbe,Mobile Money,4.848276012429048,0,1,3,23896.072150450676,1358078.4145233692,1
CUST_0178,10,12159.288350828327,121592.88350828327,3.066252143247717,Brown Bread,Arua,Cash,3.9842866997625115,0,0,2,39655.213540101875,484460.9085478255,1
CUST_0179,13,5846.157758025669,76000.05085433369,3.0923226272448034,Brown Bread,Jinja,Card,5.0,0,4,1,24577.01217354807,380000.25427166844,0
CUST_0180,9,16003.259019778436,144029.33117800593,5.967218842409167,Whole Grain,Mbarara,Mobile Money,4.712949329928856,4,6,3,24136.76035381609,678802.9398654844,0
CUST_0181,7,16812.854075132425,117689.97852592697,3.44895079005835,Sourdough,Entebbe,Cash,5.0,2,1,2,34123.41482666846,588449.8926296348,1
CUST_0182,9,21842.109772363376,196578.9879512704,4.371816229953195,Multigrain,Mbarara,Mobile Money,3.599517681935028,1,6,3,44965.06202717834,707589.5430274906,1
CUST_0183,13,20940.72867353492,272229.47275595396,7.96548772086037,Brown Bread,Mbarara,Cash,4.864567880396872,0,6,2,34176.12107329316,1324278.749265989,1
CUST_0184,8,17683.718115062307,141469.74492049846,22.46940731310775,Sourdough,Jinja,Cash,3.386140873762076,2,4,2,6296.104874914555,479036.4856759947,0
CUST_0185,15,18826.95107085217,282404.26606278255,13.184948911095752,Sourdough,Arua,Card,2.907706838978619,2,0,1,21418.684893433765,821148.8157874903,1
CUST_0186,8,14040.892708966803,112327.14167173443,11.625709211856751,Whole Grain,Kampala,Cash,2.5715753257457017,4,5,2,9661.960369452125,288857.705934574,0
CUST_0187,8,8904.426943403916,71235.41554723133,7.168995084439769,Multigrain,Kampala,Mobile Money,4.630659217917541,1,5,3,9936.597069489848,329866.9336459733,0
CUST_0188,13,15588.60608690455,202651.87912975915,35.21558812303459,White Bread,Mbarara,Mobile Money,4.347398331155282,3,6,3,5754.607261470216,881008.4411341968,0
CUST_0189,11,19912.867318138888,219041.54049952776,9.07035631889602,White Bread,Fort Portal,Cash,3.816759154110597,3,2,2,24149.166008308257,836028.8048320597,1
CUST_0190,16,18281.80434914274,292508.86958628386,4.093452121398907,Sourdough,Kampala,Bank Transfer,2.7811965328403097,2,5,0,71457.74786448976,813524.653918411,1
CUST_0191,6,19169.03669579682,115014.22017478093,14.518727714519448,Brown Bread,Kampala,Cash,3.6476906990890594,0,5,2,7921.783673906977,419536.30119452963,0
CUST_0192,11,12861.22156476624,141473.43721242863,4.450271338447955,Sourdough,Kampala,Cash,4.203274406140365,2,5,2,31789.845259585432,594651.6777837072,1
CUST_0193,9,13672.265809907882,123050.39228917094,8.081529329079187,Sourdough,Kampala,Cash,4.834535493434479,2,5,2,15226.127045831232,594891.4890030333,0
CUST_0194,9,17417.12744057302,156754.14696515715,11.496984356636954,White Bread,Mbarara,Cash,4.186771399801899,3,6,2,13634.370727369605,656293.7793140637,0
CUST_0195,11,12267.463027456228,134942.0933020185,27.878892027587,Sourdough,Jinja,Cash,4.401648274164223,2,4,2,4840.2961340245965,593967.6320949373,0
CUST_0196,11,12421.41465033499,136635.5611536849,11.163875095871436,Brown Bread,Entebbe,Mobile Money,3.8990940952206916,0,1,3,12239.080066760574,532754.9096914985,0
CUST_0197,10,16489.91118188726,164899.1118188726,17.53836614511012,Brown Bread,Entebbe,Bank Transfer,5.0,0,1,0,9402.193479969523,824495.559094363,1
CUST_0198,9,18804.52371578454,169240.71344206086,62.232188903737324,Whole Grain,Kampala,Cash,3.385400284537418,4,5,2,2719.5044304780545,572947.5594420685,0
CUST_0199,10,14002.356633352956,140023.56633352957,4.6917019909917785,Multigrain,Kampala,Mobile Money,3.640609426171898,1,5,3,29844.940408060742,509771.1154800538,0
CUST_0200,13,9184.052694731807,119392.68503151348,6.85456059656282,White Bread,Jinja,Mobile Money,3.80611354080519,3,4,3,17417.992495592243,454422.11517153255,0
